symbol,function,interval,lastFetched,success,retryCount,nextRetry
ETH_DIGITAL_CURRENCY_DAILY_USD,DIGITAL_CURRENCY_DAILY,,2025-08-02T13:51:49.026Z,true,0,
{
  "Meta Data": {
    "1. Information": "Daily Prices and Volumes for Digital Currency",
    "2. Digital Currency Code": "ETH",
    "3. Digital Currency Name": "Ethereum",
    "4. Market Code": "USD",
    "5. Market Name": "United States Dollar",
    "6. Last Refreshed": "2025-08-02 00:00:00",
    "7. Time Zone": "UTC"
  },
  "Time Series (Digital Currency Daily)": {
    "2025-08-02": {
      "1. open": "3486.29000000",
      "2. high": "3495.64000000",
      "3. low": "3475.70000000",
      "4. close": "3479.90000000",
      "5. volume": "3680.66208161"
    },
    "2025-08-01": {
      "1. open": "3697.85000000",
      "2. high": "3724.70000000",
      "3. low": "3429.44000000",
      "4. close": "3486.39000000",
      "5. volume": "214413.30257873"
    },
    "2025-07-31": {
      "1. open": "3810.45000000",
      "2. high": "3878.32000000",
      "3. low": "3680.01000000",
      "4. close": "3698.07000000",
      "5. volume": "101490.47064491"
    },
    "2025-07-30": {
      "1. open": "3793.50000000",
      "2. high": "3833.68000000",
      "3. low": "3676.67000000",
      "4. close": "3810.44000000",
      "5. volume": "119425.78709017"
    },
    "2025-07-29": {
      "1. open": "3799.44000000",
      "2. high": "3886.01000000",
      "3. low": "3715.14000000",
      "4. close": "3793.40000000",
      "5. volume": "138313.68335934"
    },
    "2025-07-28": {
      "1. open": "3873.92000000",
      "2. high": "3941.86000000",
      "3. low": "3753.15000000",
      "4. close": "3799.46000000",
      "5. volume": "199027.60346952"
    },
    "2025-07-27": {
      "1. open": "3743.05000000",
      "2. high": "3880.23000000",
      "3. low": "3731.71000000",
      "4. close": "3873.92000000",
      "5. volume": "77968.55076879"
    },
    "2025-07-26": {
      "1. open": "3725.84000000",
      "2. high": "3795.00000000",
      "3. low": "3699.02000000",
      "4. close": "3743.06000000",
      "5. volume": "72302.97358700"
    },
    "2025-07-25": {
      "1. open": "3722.03000000",
      "2. high": "3730.68000000",
      "3. low": "3709.37000000",
      "4. close": "3725.84000000",
      "5. volume": "2708.15498023"
    },
    "2025-07-24": {
      "1. open": "3630.41000000",
      "2. high": "3775.00000000",
      "3. low": "3507.78000000",
      "4. close": "3708.60000000",
      "5. volume": "224411.55185297"
    },
    "2025-07-23": {
      "1. open": "3748.62000000",
      "2. high": "3766.79000000",
      "3. low": "3528.43000000",
      "4. close": "3630.34000000",
      "5. volume": "211546.24270422"
    },
    "2025-07-22": {
      "1. open": "3763.75000000",
      "2. high": "3801.63000000",
      "3. low": "3617.47000000",
      "4. close": "3748.62000000",
      "5. volume": "225021.75942135"
    },
    "2025-07-21": {
      "1. open": "3758.66000000",
      "2. high": "3860.80000000",
      "3. low": "3703.76000000",
      "4. close": "3763.75000000",
      "5. volume": "221705.85764009"
    },
    "2025-07-20": {
      "1. open": "3594.31000000",
      "2. high": "3825.36000000",
      "3. low": "3581.22000000",
      "4. close": "3758.60000000",
      "5. volume": "146787.12978622"
    },
    "2025-07-19": {
      "1. open": "3549.66000000",
      "2. high": "3610.85000000",
      "3. low": "3508.66000000",
      "4. close": "3594.30000000",
      "5. volume": "83316.75149516"
    },
    "2025-07-18": {
      "1. open": "3479.78000000",
      "2. high": "3677.40000000",
      "3. low": "3461.68000000",
      "4. close": "3549.67000000",
      "5. volume": "337824.83515568"
    },
    "2025-07-17": {
      "1. open": "3373.20000000",
      "2. high": "3526.73000000",
      "3. low": "3311.01000000",
      "4. close": "3479.77000000",
      "5. volume": "274593.74925785"
    },
    "2025-07-16": {
      "1. open": "3138.79000000",
      "2. high": "3425.89000000",
      "3. low": "3101.25000000",
      "4. close": "3373.12000000",
      "5. volume": "292334.52407204"
    },
    "2025-07-15": {
      "1. open": "3014.41000000",
      "2. high": "3144.81000000",
      "3. low": "2933.00000000",
      "4. close": "3138.01000000",
      "5. volume": "179476.73196827"
    },
    "2025-07-14": {
      "1. open": "2973.48000000",
      "2. high": "3083.52000000",
      "3. low": "2964.20000000",
      "4. close": "3014.53000000",
      "5. volume": "192451.97265422"
    },
    "2025-07-13": {
      "1. open": "2944.48000000",
      "2. high": "3022.00000000",
      "3. low": "2937.00000000",
      "4. close": "2973.38000000",
      "5. volume": "70227.25148441"
    },
    "2025-07-12": {
      "1. open": "2959.22000000",
      "2. high": "2981.01000000",
      "3. low": "2905.29000000",
      "4. close": "2944.37000000",
      "5. volume": "63678.56454793"
    },
    "2025-07-11": {
      "1. open": "2951.87000000",
      "2. high": "3040.80000000",
      "3. low": "2913.58000000",
      "4. close": "2959.12000000",
      "5. volume": "230285.84945890"
    },
    "2025-07-10": {
      "1. open": "2769.83000000",
      "2. high": "3000.00000000",
      "3. low": "2756.22000000",
      "4. close": "2951.22000000",
      "5. volume": "236543.69036785"
    },
    "2025-07-09": {
      "1. open": "2616.35000000",
      "2. high": "2797.83000000",
      "3. low": "2590.47000000",
      "4. close": "2769.83000000",
      "5. volume": "186502.61069478"
    },
    "2025-07-08": {
      "1. open": "2542.39000000",
      "2. high": "2628.95000000",
      "3. low": "2523.58000000",
      "4. close": "2616.52000000",
      "5. volume": "100288.23984643"
    },
    "2025-07-07": {
      "1. open": "2570.81000000",
      "2. high": "2591.15000000",
      "3. low": "2512.76000000",
      "4. close": "2542.38000000",
      "5. volume": "79624.16907512"
    },
    "2025-07-06": {
      "1. open": "2517.02000000",
      "2. high": "2605.38000000",
      "3. low": "2504.27000000",
      "4. close": "2570.84000000",
      "5. volume": "41033.07311666"
    },
    "2025-07-05": {
      "1. open": "2508.79000000",
      "2. high": "2530.42000000",
      "3. low": "2488.40000000",
      "4. close": "2517.01000000",
      "5. volume": "22282.73285380"
    },
    "2025-07-04": {
      "1. open": "2592.14000000",
      "2. high": "2603.70000000",
      "3. low": "2475.00000000",
      "4. close": "2508.80000000",
      "5. volume": "77877.16679488"
    },
    "2025-07-03": {
      "1. open": "2571.13000000",
      "2. high": "2637.96000000",
      "3. low": "2557.21000000",
      "4. close": "2592.13000000",
      "5. volume": "115059.14879727"
    },
    "2025-07-02": {
      "1. open": "2405.41000000",
      "2. high": "2619.98000000",
      "3. low": "2372.62000000",
      "4. close": "2571.13000000",
      "5. volume": "167801.93789726"
    },
    "2025-07-01": {
      "1. open": "2486.16000000",
      "2. high": "2501.45000000",
      "3. low": "2386.96000000",
      "4. close": "2405.32000000",
      "5. volume": "78850.04742822"
    },
    "2025-06-30": {
      "1. open": "2500.70000000",
      "2. high": "2524.85000000",
      "3. low": "2433.97000000",
      "4. close": "2486.15000000",
      "5. volume": "115164.67938137"
    },
    "2025-06-29": {
      "1. open": "2437.08000000",
      "2. high": "2526.27000000",
      "3. low": "2413.36000000",
      "4. close": "2500.69000000",
      "5. volume": "47090.69337747"
    },
    "2025-06-28": {
      "1. open": "2424.24000000",
      "2. high": "2448.97000000",
      "3. low": "2407.03000000",
      "4. close": "2437.08000000",
      "5. volume": "29496.93173390"
    },
    "2025-06-27": {
      "1. open": "2417.21000000",
      "2. high": "2464.69000000",
      "3. low": "2381.26000000",
      "4. close": "2424.20000000",
      "5. volume": "96456.08851832"
    },
    "2025-06-26": {
      "1. open": "2420.09000000",
      "2. high": "2521.67000000",
      "3. low": "2395.00000000",
      "4. close": "2417.40000000",
      "5. volume": "114621.88775791"
    },
    "2025-06-25": {
      "1. open": "2449.74000000",
      "2. high": "2470.19000000",
      "3. low": "2391.15000000",
      "4. close": "2420.09000000",
      "5. volume": "123451.65827947"
    },
    "2025-06-24": {
      "1. open": "2412.81000000",
      "2. high": "2483.38000000",
      "3. low": "2377.79000000",
      "4. close": "2449.87000000",
      "5. volume": "156696.78441766"
    },
    "2025-06-23": {
      "1. open": "2228.46000000",
      "2. high": "2440.00000000",
      "3. low": "2189.11000000",
      "4. close": "2413.00000000",
      "5. volume": "219164.75168992"
    },
    "2025-06-22": {
      "1. open": "2297.26000000",
      "2. high": "2315.15000000",
      "3. low": "2113.00000000",
      "4. close": "2228.46000000",
      "5. volume": "224937.83363588"
    },
    "2025-06-21": {
      "1. open": "2407.20000000",
      "2. high": "2449.05000000",
      "3. low": "2217.06000000",
      "4. close": "2297.28000000",
      "5. volume": "107608.75425780"
    },
    "2025-06-20": {
      "1. open": "2521.79000000",
      "2. high": "2569.20000000",
      "3. low": "2367.58000000",
      "4. close": "2407.20000000",
      "5. volume": "140932.28117073"
    },
    "2025-06-19": {
      "1. open": "2525.49000000",
      "2. high": "2548.35000000",
      "3. low": "2485.37000000",
      "4. close": "2521.52000000",
      "5. volume": "51487.65047448"
    },
    "2025-06-18": {
      "1. open": "2510.64000000",
      "2. high": "2548.52000000",
      "3. low": "2466.38000000",
      "4. close": "2525.54000000",
      "5. volume": "92285.01272137"
    },
    "2025-06-17": {
      "1. open": "2545.41000000",
      "2. high": "2619.44000000",
      "3. low": "2454.00000000",
      "4. close": "2510.70000000",
      "5. volume": "163609.00013510"
    },
    "2025-06-16": {
      "1. open": "2547.95000000",
      "2. high": "2681.97000000",
      "3. low": "2515.23000000",
      "4. close": "2545.27000000",
      "5. volume": "177468.31397880"
    },
    "2025-06-15": {
      "1. open": "2531.98000000",
      "2. high": "2559.94000000",
      "3. low": "2492.42000000",
      "4. close": "2548.03000000",
      "5. volume": "48636.95574774"
    },
    "2025-06-14": {
      "1. open": "2580.25000000",
      "2. high": "2580.86000000",
      "3. low": "2490.00000000",
      "4. close": "2531.97000000",
      "5. volume": "67625.03115586"
    },
    "2025-06-13": {
      "1. open": "2643.81000000",
      "2. high": "2646.79000000",
      "3. low": "2439.17000000",
      "4. close": "2580.21000000",
      "5. volume": "283876.86464992"
    },
    "2025-06-12": {
      "1. open": "2772.39000000",
      "2. high": "2785.93000000",
      "3. low": "2615.00000000",
      "4. close": "2643.80000000",
      "5. volume": "152072.49988479"
    },
    "2025-06-11": {
      "1. open": "2816.69000000",
      "2. high": "2880.00000000",
      "3. low": "2743.00000000",
      "4. close": "2772.39000000",
      "5. volume": "179356.72494173"
    },
    "2025-06-10": {
      "1. open": "2681.25000000",
      "2. high": "2827.18000000",
      "3. low": "2657.11000000",
      "4. close": "2816.50000000",
      "5. volume": "268557.67044312"
    },
    "2025-06-09": {
      "1. open": "2510.77000000",
      "2. high": "2695.20000000",
      "3. low": "2479.09000000",
      "4. close": "2681.29000000",
      "5. volume": "117024.89574770"
    },
    "2025-06-08": {
      "1. open": "2525.94000000",
      "2. high": "2549.57000000",
      "3. low": "2492.84000000",
      "4. close": "2510.78000000",
      "5. volume": "33630.83013396"
    },
    "2025-06-07": {
      "1. open": "2478.38000000",
      "2. high": "2545.00000000",
      "3. low": "2457.88000000",
      "4. close": "2526.14000000",
      "5. volume": "35850.95849949"
    },
    "2025-06-06": {
      "1. open": "2415.31000000",
      "2. high": "2533.09000000",
      "3. low": "2384.00000000",
      "4. close": "2478.24000000",
      "5. volume": "127162.33645658"
    },
    "2025-06-05": {
      "1. open": "2609.19000000",
      "2. high": "2642.53000000",
      "3. low": "2392.16000000",
      "4. close": "2415.34000000",
      "5. volume": "205698.41865830"
    },
    "2025-06-04": {
      "1. open": "2595.03000000",
      "2. high": "2681.00000000",
      "3. low": "2584.05000000",
      "4. close": "2609.07000000",
      "5. volume": "105615.84491827"
    },
    "2025-06-03": {
      "1. open": "2609.29000000",
      "2. high": "2657.74000000",
      "3. low": "2575.75000000",
      "4. close": "2595.03000000",
      "5. volume": "175792.32687578"
    },
    "2025-06-02": {
      "1. open": "2540.40000000",
      "2. high": "2616.87000000",
      "3. low": "2476.13000000",
      "4. close": "2609.29000000",
      "5. volume": "127353.97335520"
    },
    "2025-06-01": {
      "1. open": "2529.31000000",
      "2. high": "2550.00000000",
      "3. low": "2470.50000000",
      "4. close": "2540.38000000",
      "5. volume": "53153.06712416"
    },
    "2025-05-31": {
      "1. open": "2531.92000000",
      "2. high": "2551.67000000",
      "3. low": "2476.84000000",
      "4. close": "2529.31000000",
      "5. volume": "51370.13572435"
    },
    "2025-05-30": {
      "1. open": "2631.41000000",
      "2. high": "2649.91000000",
      "3. low": "2507.80000000",
      "4. close": "2531.94000000",
      "5. volume": "129873.34038728"
    },
    "2025-05-29": {
      "1. open": "2682.44000000",
      "2. high": "2789.50000000",
      "3. low": "2618.88000000",
      "4. close": "2631.68000000",
      "5. volume": "191128.81924232"
    },
    "2025-05-28": {
      "1. open": "2662.18000000",
      "2. high": "2690.33000000",
      "3. low": "2609.90000000",
      "4. close": "2682.16000000",
      "5. volume": "115559.76273561"
    },
    "2025-05-27": {
      "1. open": "2564.71000000",
      "2. high": "2713.78000000",
      "3. low": "2510.54000000",
      "4. close": "2662.04000000",
      "5. volume": "166072.34229434"
    },
    "2025-05-26": {
      "1. open": "2552.44000000",
      "2. high": "2600.80000000",
      "3. low": "2526.98000000",
      "4. close": "2564.32000000",
      "5. volume": "56978.02353915"
    },
    "2025-05-25": {
      "1. open": "2531.34000000",
      "2. high": "2555.30000000",
      "3. low": "2463.37000000",
      "4. close": "2552.32000000",
      "5. volume": "58254.46870874"
    },
    "2025-05-24": {
      "1. open": "2526.83000000",
      "2. high": "2577.57000000",
      "3. low": "2515.72000000",
      "4. close": "2530.99000000",
      "5. volume": "40630.87226987"
    },
    "2025-05-23": {
      "1. open": "2665.59000000",
      "2. high": "2734.04000000",
      "3. low": "2500.00000000",
      "4. close": "2527.02000000",
      "5. volume": "201851.50906055"
    },
    "2025-05-22": {
      "1. open": "2552.12000000",
      "2. high": "2692.99000000",
      "3. low": "2545.40000000",
      "4. close": "2665.39000000",
      "5. volume": "196307.76694511"
    },
    "2025-05-21": {
      "1. open": "2525.05000000",
      "2. high": "2617.15000000",
      "3. low": "2452.79000000",
      "4. close": "2551.73000000",
      "5. volume": "218788.74507300"
    },
    "2025-05-20": {
      "1. open": "2529.28000000",
      "2. high": "2588.58000000",
      "3. low": "2444.40000000",
      "4. close": "2525.05000000",
      "5. volume": "129646.38919276"
    },
    "2025-05-19": {
      "1. open": "2498.63000000",
      "2. high": "2547.73000000",
      "3. low": "2349.73000000",
      "4. close": "2528.71000000",
      "5. volume": "216868.76047746"
    },
    "2025-05-18": {
      "1. open": "2476.11000000",
      "2. high": "2588.25000000",
      "3. low": "2323.00000000",
      "4. close": "2498.24000000",
      "5. volume": "134969.08574025"
    },
    "2025-05-17": {
      "1. open": "2537.90000000",
      "2. high": "2539.48000000",
      "3. low": "2446.89000000",
      "4. close": "2476.11000000",
      "5. volume": "78215.46124074"
    },
    "2025-05-16": {
      "1. open": "2549.16000000",
      "2. high": "2648.88000000",
      "3. low": "2530.31000000",
      "4. close": "2538.02000000",
      "5. volume": "122465.45641350"
    },
    "2025-05-15": {
      "1. open": "2610.47000000",
      "2. high": "2647.10000000",
      "3. low": "2475.00000000",
      "4. close": "2548.84000000",
      "5. volume": "162116.56760589"
    },
    "2025-05-14": {
      "1. open": "2679.82000000",
      "2. high": "2725.00000000",
      "3. low": "2547.75000000",
      "4. close": "2610.31000000",
      "5. volume": "176653.34640214"
    },
    "2025-05-13": {
      "1. open": "2495.61000000",
      "2. high": "2739.05000000",
      "3. low": "2415.65000000",
      "4. close": "2679.88000000",
      "5. volume": "209696.06797506"
    },
    "2025-05-12": {
      "1. open": "2514.79000000",
      "2. high": "2625.00000000",
      "3. low": "2407.41000000",
      "4. close": "2495.83000000",
      "5. volume": "246104.50649036"
    },
    "2025-05-11": {
      "1. open": "2583.09000000",
      "2. high": "2609.00000000",
      "3. low": "2436.47000000",
      "4. close": "2514.79000000",
      "5. volume": "143648.21932596"
    },
    "2025-05-10": {
      "1. open": "2345.42000000",
      "2. high": "2600.60000000",
      "3. low": "2317.73000000",
      "4. close": "2583.80000000",
      "5. volume": "190174.27767839"
    },
    "2025-05-09": {
      "1. open": "2206.84000000",
      "2. high": "2490.66000000",
      "3. low": "2184.39000000",
      "4. close": "2345.29000000",
      "5. volume": "367944.32925840"
    },
    "2025-05-08": {
      "1. open": "1811.36000000",
      "2. high": "2225.52000000",
      "3. low": "1808.61000000",
      "4. close": "2207.09000000",
      "5. volume": "329557.78516842"
    },
    "2025-05-07": {
      "1. open": "1817.06000000",
      "2. high": "1850.94000000",
      "3. low": "1787.01000000",
      "4. close": "1811.35000000",
      "5. volume": "138712.13157438"
    },
    "2025-05-06": {
      "1. open": "1820.20000000",
      "2. high": "1820.64000000",
      "3. low": "1751.45000000",
      "4. close": "1817.06000000",
      "5. volume": "91421.48339979"
    },
    "2025-05-05": {
      "1. open": "1808.82000000",
      "2. high": "1833.51000000",
      "3. low": "1781.70000000",
      "4. close": "1820.15000000",
      "5. volume": "85196.59584097"
    },
    "2025-05-04": {
      "1. open": "1834.11000000",
      "2. high": "1850.21000000",
      "3. low": "1803.01000000",
      "4. close": "1809.00000000",
      "5. volume": "40428.72920351"
    },
    "2025-05-03": {
      "1. open": "1842.98000000",
      "2. high": "1849.27000000",
      "3. low": "1810.38000000",
      "4. close": "1834.03000000",
      "5. volume": "45010.41020982"
    },
    "2025-05-02": {
      "1. open": "1838.78000000",
      "2. high": "1871.95000000",
      "3. low": "1813.43000000",
      "4. close": "1842.98000000",
      "5. volume": "93279.26608996"
    },
    "2025-05-01": {
      "1. open": "1793.92000000",
      "2. high": "1874.48000000",
      "3. low": "1792.67000000",
      "4. close": "1838.82000000",
      "5. volume": "139494.50395249"
    },
    "2025-04-30": {
      "1. open": "1798.20000000",
      "2. high": "1817.43000000",
      "3. low": "1732.44000000",
      "4. close": "1793.79000000",
      "5. volume": "132367.23008547"
    },
    "2025-04-29": {
      "1. open": "1800.31000000",
      "2. high": "1843.28000000",
      "3. low": "1780.60000000",
      "4. close": "1798.21000000",
      "5. volume": "144125.80699080"
    },
    "2025-04-28": {
      "1. open": "1791.89000000",
      "2. high": "1829.00000000",
      "3. low": "1744.90000000",
      "4. close": "1800.26000000",
      "5. volume": "208134.44795148"
    },
    "2025-04-27": {
      "1. open": "1821.77000000",
      "2. high": "1857.85000000",
      "3. low": "1782.90000000",
      "4. close": "1791.88000000",
      "5. volume": "68093.85600352"
    },
    "2025-04-26": {
      "1. open": "1785.80000000",
      "2. high": "1841.66000000",
      "3. low": "1779.84000000",
      "4. close": "1821.60000000",
      "5. volume": "75293.67103679"
    },
    "2025-04-25": {
      "1. open": "1770.42000000",
      "2. high": "1828.90000000",
      "3. low": "1740.00000000",
      "4. close": "1785.95000000",
      "5. volume": "191388.58108656"
    },
    "2025-04-24": {
      "1. open": "1795.81000000",
      "2. high": "1803.33000000",
      "3. low": "1723.01000000",
      "4. close": "1770.41000000",
      "5. volume": "161354.71489510"
    },
    "2025-04-23": {
      "1. open": "1757.09000000",
      "2. high": "1835.74000000",
      "3. low": "1746.09000000",
      "4. close": "1795.92000000",
      "5. volume": "267882.65660226"
    },
    "2025-04-22": {
      "1. open": "1579.54000000",
      "2. high": "1778.92000000",
      "3. low": "1538.75000000",
      "4. close": "1757.00000000",
      "5. volume": "332380.92058947"
    },
    "2025-04-21": {
      "1. open": "1587.42000000",
      "2. high": "1658.55000000",
      "3. low": "1563.06000000",
      "4. close": "1579.55000000",
      "5. volume": "143500.37227559"
    },
    "2025-04-20": {
      "1. open": "1612.97000000",
      "2. high": "1619.14000000",
      "3. low": "1565.64000000",
      "4. close": "1587.32000000",
      "5. volume": "64780.49180900"
    },
    "2025-04-19": {
      "1. open": "1588.61000000",
      "2. high": "1630.98000000",
      "3. low": "1585.02000000",
      "4. close": "1612.87000000",
      "5. volume": "48914.47093250"
    },
    "2025-04-18": {
      "1. open": "1583.86000000",
      "2. high": "1600.74000000",
      "3. low": "1573.70000000",
      "4. close": "1588.57000000",
      "5. volume": "37357.55064718"
    },
    "2025-04-17": {
      "1. open": "1577.30000000",
      "2. high": "1616.85000000",
      "3. low": "1562.35000000",
      "4. close": "1583.83000000",
      "5. volume": "92253.60889083"
    },
    "2025-04-16": {
      "1. open": "1588.48000000",
      "2. high": "1613.22000000",
      "3. low": "1538.02000000",
      "4. close": "1577.27000000",
      "5. volume": "119238.87958040"
    },
    "2025-04-15": {
      "1. open": "1623.61000000",
      "2. high": "1660.98000000",
      "3. low": "1583.15000000",
      "4. close": "1588.64000000",
      "5. volume": "112545.45377041"
    },
    "2025-04-14": {
      "1. open": "1597.04000000",
      "2. high": "1691.00000000",
      "3. low": "1595.06000000",
      "4. close": "1624.03000000",
      "5. volume": "130644.29007707"
    },
    "2025-04-13": {
      "1. open": "1643.82000000",
      "2. high": "1649.37000000",
      "3. low": "1562.00000000",
      "4. close": "1597.04000000",
      "5. volume": "111889.23396001"
    },
    "2025-04-12": {
      "1. open": "1565.95000000",
      "2. high": "1668.88000000",
      "3. low": "1544.36000000",
      "4. close": "1643.85000000",
      "5. volume": "87012.16952171"
    },
    "2025-04-11": {
      "1. open": "1521.08000000",
      "2. high": "1590.84000000",
      "3. low": "1504.00000000",
      "4. close": "1566.13000000",
      "5. volume": "143453.42676045"
    },
    "2025-04-10": {
      "1. open": "1669.15000000",
      "2. high": "1669.52000000",
      "3. low": "1471.63000000",
      "4. close": "1521.51000000",
      "5. volume": "228219.61361863"
    },
    "2025-04-09": {
      "1. open": "1472.11000000",
      "2. high": "1688.99000000",
      "3. low": "1383.26000000",
      "4. close": "1669.27000000",
      "5. volume": "398819.27794972"
    },
    "2025-04-08": {
      "1. open": "1552.37000000",
      "2. high": "1618.25000000",
      "3. low": "1444.37000000",
      "4. close": "1471.94000000",
      "5. volume": "261089.46902982"
    },
    "2025-04-07": {
      "1. open": "1579.80000000",
      "2. high": "1638.82000000",
      "3. low": "1411.00000000",
      "4. close": "1552.64000000",
      "5. volume": "698812.70148075"
    },
    "2025-04-06": {
      "1. open": "1805.16000000",
      "2. high": "1816.28000000",
      "3. low": "1535.06000000",
      "4. close": "1579.77000000",
      "5. volume": "269650.35889390"
    },
    "2025-04-05": {
      "1. open": "1816.34000000",
      "2. high": "1826.71000000",
      "3. low": "1764.10000000",
      "4. close": "1805.09000000",
      "5. volume": "40241.31817836"
    },
    "2025-04-04": {
      "1. open": "1816.33000000",
      "2. high": "1835.49000000",
      "3. low": "1758.50000000",
      "4. close": "1816.39000000",
      "5. volume": "215577.64413540"
    },
    "2025-04-03": {
      "1. open": "1794.77000000",
      "2. high": "1845.09000000",
      "3. low": "1750.00000000",
      "4. close": "1816.36000000",
      "5. volume": "186281.09068551"
    },
    "2025-04-02": {
      "1. open": "1905.13000000",
      "2. high": "1956.55000000",
      "3. low": "1781.21000000",
      "4. close": "1794.70000000",
      "5. volume": "257321.35292484"
    },
    "2025-04-01": {
      "1. open": "1822.05000000",
      "2. high": "1928.20000000",
      "3. low": "1817.71000000",
      "4. close": "1905.13000000",
      "5. volume": "145912.60901118"
    },
    "2025-03-31": {
      "1. open": "1807.51000000",
      "2. high": "1854.20000000",
      "3. low": "1776.43000000",
      "4. close": "1822.03000000",
      "5. volume": "139811.10321108"
    },
    "2025-03-30": {
      "1. open": "1827.43000000",
      "2. high": "1848.27000000",
      "3. low": "1767.10000000",
      "4. close": "1807.31000000",
      "5. volume": "100497.70390842"
    },
    "2025-03-29": {
      "1. open": "1896.21000000",
      "2. high": "1912.80000000",
      "3. low": "1797.51000000",
      "4. close": "1827.39000000",
      "5. volume": "103414.81225118"
    },
    "2025-03-28": {
      "1. open": "2003.18000000",
      "2. high": "2015.78000000",
      "3. low": "1860.86000000",
      "4. close": "1896.23000000",
      "5. volume": "231796.08413787"
    },
    "2025-03-27": {
      "1. open": "2009.65000000",
      "2. high": "2037.61000000",
      "3. low": "1986.83000000",
      "4. close": "2003.32000000",
      "5. volume": "85676.54038226"
    },
    "2025-03-26": {
      "1. open": "2066.75000000",
      "2. high": "2079.35000000",
      "3. low": "1981.40000000",
      "4. close": "2009.72000000",
      "5. volume": "122121.17620874"
    },
    "2025-03-25": {
      "1. open": "2081.61000000",
      "2. high": "2098.11000000",
      "3. low": "2037.39000000",
      "4. close": "2066.78000000",
      "5. volume": "78429.61811816"
    },
    "2025-03-24": {
      "1. open": "2006.14000000",
      "2. high": "2104.21000000",
      "3. low": "1977.42000000",
      "4. close": "2081.62000000",
      "5. volume": "140535.73445256"
    },
    "2025-03-23": {
      "1. open": "1980.43000000",
      "2. high": "2020.54000000",
      "3. low": "1976.60000000",
      "4. close": "2005.97000000",
      "5. volume": "48751.22482465"
    },
    "2025-03-22": {
      "1. open": "1965.04000000",
      "2. high": "2005.99000000",
      "3. low": "1963.76000000",
      "4. close": "1980.35000000",
      "5. volume": "40334.50630982"
    },
    "2025-03-21": {
      "1. open": "1982.45000000",
      "2. high": "1995.27000000",
      "3. low": "1936.00000000",
      "4. close": "1964.98000000",
      "5. volume": "82472.92563047"
    },
    "2025-03-20": {
      "1. open": "2056.93000000",
      "2. high": "2068.58000000",
      "3. low": "1951.12000000",
      "4. close": "1982.67000000",
      "5. volume": "117335.61367471"
    },
    "2025-03-19": {
      "1. open": "1931.24000000",
      "2. high": "2070.60000000",
      "3. low": "1927.63000000",
      "4. close": "2057.06000000",
      "5. volume": "196188.24544574"
    },
    "2025-03-18": {
      "1. open": "1926.20000000",
      "2. high": "1935.70000000",
      "3. low": "1871.64000000",
      "4. close": "1931.25000000",
      "5. volume": "98061.93923964"
    },
    "2025-03-17": {
      "1. open": "1886.79000000",
      "2. high": "1952.24000000",
      "3. low": "1879.80000000",
      "4. close": "1926.28000000",
      "5. volume": "80268.22626745"
    },
    "2025-03-16": {
      "1. open": "1937.40000000",
      "2. high": "1940.96000000",
      "3. low": "1860.49000000",
      "4. close": "1886.80000000",
      "5. volume": "50658.46951025"
    },
    "2025-03-15": {
      "1. open": "1911.55000000",
      "2. high": "1957.51000000",
      "3. low": "1903.69000000",
      "4. close": "1937.61000000",
      "5. volume": "37624.28395569"
    },
    "2025-03-14": {
      "1. open": "1863.80000000",
      "2. high": "1946.00000000",
      "3. low": "1860.46000000",
      "4. close": "1911.65000000",
      "5. volume": "95560.30533948"
    },
    "2025-03-13": {
      "1. open": "1907.88000000",
      "2. high": "1922.09000000",
      "3. low": "1820.86000000",
      "4. close": "1863.81000000",
      "5. volume": "156763.10765320"
    },
    "2025-03-12": {
      "1. open": "1923.02000000",
      "2. high": "1956.15000000",
      "3. low": "1829.49000000",
      "4. close": "1907.93000000",
      "5. volume": "227178.14493919"
    },
    "2025-03-11": {
      "1. open": "1864.52000000",
      "2. high": "1962.83000000",
      "3. low": "1754.13000000",
      "4. close": "1923.08000000",
      "5. volume": "340034.80127314"
    },
    "2025-03-10": {
      "1. open": "2020.02000000",
      "2. high": "2152.48000000",
      "3. low": "1809.49000000",
      "4. close": "1864.12000000",
      "5. volume": "362167.30853475"
    },
    "2025-03-09": {
      "1. open": "2203.03000000",
      "2. high": "2211.66000000",
      "3. low": "1988.30000000",
      "4. close": "2020.02000000",
      "5. volume": "127517.54175690"
    },
    "2025-03-08": {
      "1. open": "2140.81000000",
      "2. high": "2234.05000000",
      "3. low": "2104.67000000",
      "4. close": "2203.03000000",
      "5. volume": "57548.29986961"
    },
    "2025-03-07": {
      "1. open": "2202.03000000",
      "2. high": "2258.02000000",
      "3. low": "2102.21000000",
      "4. close": "2140.81000000",
      "5. volume": "262699.28057767"
    },
    "2025-03-06": {
      "1. open": "2241.63000000",
      "2. high": "2320.00000000",
      "3. low": "2176.00000000",
      "4. close": "2202.42000000",
      "5. volume": "155071.09381971"
    },
    "2025-03-05": {
      "1. open": "2171.00000000",
      "2. high": "2273.29000000",
      "3. low": "2154.64000000",
      "4. close": "2241.53000000",
      "5. volume": "165354.51710988"
    },
    "2025-03-04": {
      "1. open": "2147.64000000",
      "2. high": "2222.15000000",
      "3. low": "1991.21000000",
      "4. close": "2170.92000000",
      "5. volume": "432432.09967750"
    },
    "2025-03-03": {
      "1. open": "2518.40000000",
      "2. high": "2523.84000000",
      "3. low": "2094.27000000",
      "4. close": "2147.53000000",
      "5. volume": "322327.30855230"
    },
    "2025-03-02": {
      "1. open": "2216.82000000",
      "2. high": "2551.49000000",
      "3. low": "2172.59000000",
      "4. close": "2518.39000000",
      "5. volume": "315998.58200778"
    },
    "2025-03-01": {
      "1. open": "2236.74000000",
      "2. high": "2280.48000000",
      "3. low": "2142.04000000",
      "4. close": "2216.51000000",
      "5. volume": "87043.01023610"
    },
    "2025-02-28": {
      "1. open": "2305.41000000",
      "2. high": "2312.05000000",
      "3. low": "2073.34000000",
      "4. close": "2236.36000000",
      "5. volume": "349901.13722453"
    },
    "2025-02-27": {
      "1. open": "2332.98000000",
      "2. high": "2379.47000000",
      "3. low": "2227.04000000",
      "4. close": "2305.21000000",
      "5. volume": "161479.65235480"
    },
    "2025-02-26": {
      "1. open": "2492.54000000",
      "2. high": "2504.18000000",
      "3. low": "2251.01000000",
      "4. close": "2332.93000000",
      "5. volume": "225247.77404589"
    },
    "2025-02-25": {
      "1. open": "2513.33000000",
      "2. high": "2530.99000000",
      "3. low": "2319.86000000",
      "4. close": "2492.37000000",
      "5. volume": "367833.55676734"
    },
    "2025-02-24": {
      "1. open": "2819.77000000",
      "2. high": "2839.81000000",
      "3. low": "2471.74000000",
      "4. close": "2513.35000000",
      "5. volume": "199034.77624736"
    },
    "2025-02-23": {
      "1. open": "2763.53000000",
      "2. high": "2855.23000000",
      "3. low": "2745.50000000",
      "4. close": "2819.63000000",
      "5. volume": "95606.18967107"
    },
    "2025-02-22": {
      "1. open": "2661.68000000",
      "2. high": "2797.81000000",
      "3. low": "2652.08000000",
      "4. close": "2763.50000000",
      "5. volume": "83103.04588810"
    },
    "2025-02-21": {
      "1. open": "2738.64000000",
      "2. high": "2846.53000000",
      "3. low": "2614.08000000",
      "4. close": "2661.69000000",
      "5. volume": "298706.61877983"
    },
    "2025-02-20": {
      "1. open": "2715.30000000",
      "2. high": "2771.90000000",
      "3. low": "2707.15000000",
      "4. close": "2738.65000000",
      "5. volume": "88538.81529699"
    },
    "2025-02-19": {
      "1. open": "2670.57000000",
      "2. high": "2736.29000000",
      "3. low": "2654.68000000",
      "4. close": "2715.27000000",
      "5. volume": "100984.73251454"
    },
    "2025-02-18": {
      "1. open": "2744.11000000",
      "2. high": "2756.50000000",
      "3. low": "2604.48000000",
      "4. close": "2670.59000000",
      "5. volume": "133442.20189240"
    },
    "2025-02-17": {
      "1. open": "2661.51000000",
      "2. high": "2849.53000000",
      "3. low": "2638.43000000",
      "4. close": "2744.10000000",
      "5. volume": "137419.86385484"
    },
    "2025-02-16": {
      "1. open": "2693.58000000",
      "2. high": "2726.58000000",
      "3. low": "2652.55000000",
      "4. close": "2661.51000000",
      "5. volume": "52326.61083108"
    },
    "2025-02-15": {
      "1. open": "2726.36000000",
      "2. high": "2739.55000000",
      "3. low": "2664.22000000",
      "4. close": "2693.58000000",
      "5. volume": "40084.20408191"
    },
    "2025-02-14": {
      "1. open": "2676.29000000",
      "2. high": "2793.44000000",
      "3. low": "2664.64000000",
      "4. close": "2726.32000000",
      "5. volume": "128927.50134811"
    },
    "2025-02-13": {
      "1. open": "2738.84000000",
      "2. high": "2758.18000000",
      "3. low": "2613.25000000",
      "4. close": "2676.09000000",
      "5. volume": "127721.98336554"
    },
    "2025-02-12": {
      "1. open": "2602.08000000",
      "2. high": "2796.89000000",
      "3. low": "2548.00000000",
      "4. close": "2738.58000000",
      "5. volume": "162873.98962217"
    },
    "2025-02-11": {
      "1. open": "2661.84000000",
      "2. high": "2725.74000000",
      "3. low": "2560.49000000",
      "4. close": "2602.03000000",
      "5. volume": "129799.77478026"
    },
    "2025-02-10": {
      "1. open": "2627.82000000",
      "2. high": "2694.49000000",
      "3. low": "2560.35000000",
      "4. close": "2661.87000000",
      "5. volume": "109998.03360165"
    },
    "2025-02-09": {
      "1. open": "2633.12000000",
      "2. high": "2698.72000000",
      "3. low": "2522.16000000",
      "4. close": "2627.87000000",
      "5. volume": "91400.38607088"
    },
    "2025-02-08": {
      "1. open": "2623.02000000",
      "2. high": "2668.11000000",
      "3. low": "2588.13000000",
      "4. close": "2632.62000000",
      "5. volume": "128631.57438449"
    },
    "2025-02-07": {
      "1. open": "2687.18000000",
      "2. high": "2799.59000000",
      "3. low": "2563.00000000",
      "4. close": "2622.95000000",
      "5. volume": "182738.50499497"
    },
    "2025-02-06": {
      "1. open": "2788.56000000",
      "2. high": "2858.92000000",
      "3. low": "2656.53000000",
      "4. close": "2687.10000000",
      "5. volume": "169430.89789344"
    },
    "2025-02-05": {
      "1. open": "2732.07000000",
      "2. high": "2827.94000000",
      "3. low": "2699.60000000",
      "4. close": "2788.30000000",
      "5. volume": "192546.34864221"
    },
    "2025-02-04": {
      "1. open": "2883.10000000",
      "2. high": "2891.90000000",
      "3. low": "2633.67000000",
      "4. close": "2732.07000000",
      "5. volume": "364753.54972783"
    },
    "2025-02-03": {
      "1. open": "2869.69000000",
      "2. high": "2924.60000000",
      "3. low": "2150.00000000",
      "4. close": "2883.62000000",
      "5. volume": "740839.23312985"
    },
    "2025-02-02": {
      "1. open": "3116.44000000",
      "2. high": "3162.35000000",
      "3. low": "2750.00000000",
      "4. close": "2869.25000000",
      "5. volume": "185502.08527220"
    },
    "2025-02-01": {
      "1. open": "3300.00000000",
      "2. high": "3330.90000000",
      "3. low": "3101.28000000",
      "4. close": "3116.78000000",
      "5. volume": "78248.09835402"
    },
    "2025-01-31": {
      "1. open": "3247.32000000",
      "2. high": "3438.96000000",
      "3. low": "3213.36000000",
      "4. close": "3299.99000000",
      "5. volume": "175027.24810392"
    },
    "2025-01-30": {
      "1. open": "3114.03000000",
      "2. high": "3283.50000000",
      "3. low": "3090.89000000",
      "4. close": "3247.48000000",
      "5. volume": "115394.80466779"
    },
    "2025-01-29": {
      "1. open": "3076.05000000",
      "2. high": "3181.99000000",
      "3. low": "3053.94000000",
      "4. close": "3114.03000000",
      "5. volume": "146256.01605527"
    },
    "2025-01-28": {
      "1. open": "3182.06000000",
      "2. high": "3223.56000000",
      "3. low": "3037.75000000",
      "4. close": "3076.06000000",
      "5. volume": "114845.18340866"
    },
    "2025-01-27": {
      "1. open": "3231.31000000",
      "2. high": "3253.54000000",
      "3. low": "3001.00000000",
      "4. close": "3181.93000000",
      "5. volume": "210052.48844331"
    },
    "2025-01-26": {
      "1. open": "3318.38000000",
      "2. high": "3361.16000000",
      "3. low": "3227.68000000",
      "4. close": "3231.48000000",
      "5. volume": "73002.88372238"
    },
    "2025-01-25": {
      "1. open": "3309.83000000",
      "2. high": "3350.27000000",
      "3. low": "3269.06000000",
      "4. close": "3318.37000000",
      "5. volume": "54942.68192937"
    },
    "2025-01-24": {
      "1. open": "3339.26000000",
      "2. high": "3428.25000000",
      "3. low": "3275.41000000",
      "4. close": "3309.72000000",
      "5. volume": "156732.03584317"
    },
    "2025-01-23": {
      "1. open": "3241.35000000",
      "2. high": "3349.15000000",
      "3. low": "3181.94000000",
      "4. close": "3338.67000000",
      "5. volume": "143070.07538594"
    },
    "2025-01-22": {
      "1. open": "3327.56000000",
      "2. high": "3366.10000000",
      "3. low": "3220.01000000",
      "4. close": "3241.35000000",
      "5. volume": "92936.50329584"
    },
    "2025-01-21": {
      "1. open": "3280.43000000",
      "2. high": "3368.00000000",
      "3. low": "3200.98000000",
      "4. close": "3327.57000000",
      "5. volume": "151693.96697671"
    },
    "2025-01-20": {
      "1. open": "3211.85000000",
      "2. high": "3448.00000000",
      "3. low": "3139.61000000",
      "4. close": "3280.40000000",
      "5. volume": "290972.59781939"
    },
    "2025-01-19": {
      "1. open": "3304.09000000",
      "2. high": "3445.00000000",
      "3. low": "3125.45000000",
      "4. close": "3210.03000000",
      "5. volume": "298299.62598353"
    },
    "2025-01-18": {
      "1. open": "3475.54000000",
      "2. high": "3496.48000000",
      "3. low": "3224.29000000",
      "4. close": "3304.07000000",
      "5. volume": "151938.03835066"
    },
    "2025-01-17": {
      "1. open": "3307.83000000",
      "2. high": "3527.00000000",
      "3. low": "3307.09000000",
      "4. close": "3475.47000000",
      "5. volume": "150453.58019826"
    },
    "2025-01-16": {
      "1. open": "3451.57000000",
      "2. high": "3460.60000000",
      "3. low": "3262.69000000",
      "4. close": "3307.73000000",
      "5. volume": "136122.61797511"
    },
    "2025-01-15": {
      "1. open": "3224.35000000",
      "2. high": "3475.14000000",
      "3. low": "3185.25000000",
      "4. close": "3451.58000000",
      "5. volume": "148647.52185627"
    },
    "2025-01-14": {
      "1. open": "3136.65000000",
      "2. high": "3256.46000000",
      "3. low": "3124.20000000",
      "4. close": "3223.97000000",
      "5. volume": "99770.14179138"
    },
    "2025-01-13": {
      "1. open": "3266.09000000",
      "2. high": "3336.26000000",
      "3. low": "2913.75000000",
      "4. close": "3136.08000000",
      "5. volume": "175346.06715095"
    },
    "2025-01-12": {
      "1. open": "3282.00000000",
      "2. high": "3298.20000000",
      "3. low": "3223.07000000",
      "4. close": "3266.02000000",
      "5. volume": "39914.90204276"
    },
    "2025-01-11": {
      "1. open": "3266.37000000",
      "2. high": "3318.91000000",
      "3. low": "3217.61000000",
      "4. close": "3282.01000000",
      "5. volume": "31509.24900704"
    },
    "2025-01-10": {
      "1. open": "3219.20000000",
      "2. high": "3321.91000000",
      "3. low": "3194.40000000",
      "4. close": "3266.53000000",
      "5. volume": "115536.39025356"
    },
    "2025-01-09": {
      "1. open": "3326.51000000",
      "2. high": "3356.78000000",
      "3. low": "3157.00000000",
      "4. close": "3218.81000000",
      "5. volume": "128267.34648667"
    },
    "2025-01-08": {
      "1. open": "3380.32000000",
      "2. high": "3414.59000000",
      "3. low": "3206.95000000",
      "4. close": "3326.29000000",
      "5. volume": "130070.30319500"
    },
    "2025-01-07": {
      "1. open": "3688.73000000",
      "2. high": "3702.24000000",
      "3. low": "3356.00000000",
      "4. close": "3380.29000000",
      "5. volume": "149342.34303939"
    },
    "2025-01-06": {
      "1. open": "3635.48000000",
      "2. high": "3746.00000000",
      "3. low": "3609.58000000",
      "4. close": "3688.74000000",
      "5. volume": "106106.62657887"
    },
    "2025-01-05": {
      "1. open": "3656.40000000",
      "2. high": "3674.92000000",
      "3. low": "3593.46000000",
      "4. close": "3635.46000000",
      "5. volume": "36837.72295697"
    },
    "2025-01-04": {
      "1. open": "3607.68000000",
      "2. high": "3670.34000000",
      "3. low": "3571.29000000",
      "4. close": "3656.40000000",
      "5. volume": "49524.86729196"
    },
    "2025-01-03": {
      "1. open": "3452.39000000",
      "2. high": "3629.90000000",
      "3. low": "3420.62000000",
      "4. close": "3607.68000000",
      "5. volume": "102329.32252706"
    },
    "2025-01-02": {
      "1. open": "3353.32000000",
      "2. high": "3506.11000000",
      "3. low": "3347.19000000",
      "4. close": "3452.39000000",
      "5. volume": "86207.50853825"
    },
    "2025-01-01": {
      "1. open": "3330.52000000",
      "2. high": "3366.83000000",
      "3. low": "3308.20000000",
      "4. close": "3353.32000000",
      "5. volume": "113635.97779430"
    },
    "2024-12-31": {
      "1. open": "3355.44000000",
      "2. high": "3447.00000000",
      "3. low": "3310.00000000",
      "4. close": "3330.32000000",
      "5. volume": "94223.76498048"
    },
    "2024-12-30": {
      "1. open": "3350.24000000",
      "2. high": "3430.00000000",
      "3. low": "3293.10000000",
      "4. close": "3355.66000000",
      "5. volume": "98737.16292017"
    },
    "2024-12-29": {
      "1. open": "3397.86000000",
      "2. high": "3408.32000000",
      "3. low": "3320.00000000",
      "4. close": "3350.23000000",
      "5. volume": "30260.81890531"
    },
    "2024-12-28": {
      "1. open": "3328.34000000",
      "2. high": "3421.11000000",
      "3. low": "3317.12000000",
      "4. close": "3397.87000000",
      "5. volume": "35155.97941995"
    },
    "2024-12-27": {
      "1. open": "3331.17000000",
      "2. high": "3437.87000000",
      "3. low": "3301.27000000",
      "4. close": "3328.60000000",
      "5. volume": "121870.90269822"
    },
    "2024-12-26": {
      "1. open": "3494.36000000",
      "2. high": "3512.49000000",
      "3. low": "3301.06000000",
      "4. close": "3330.86000000",
      "5. volume": "103793.19567204"
    },
    "2024-12-25": {
      "1. open": "3491.13000000",
      "2. high": "3543.83000000",
      "3. low": "3437.42000000",
      "4. close": "3493.95000000",
      "5. volume": "41327.45699372"
    },
    "2024-12-24": {
      "1. open": "3418.12000000",
      "2. high": "3537.52000000",
      "3. low": "3353.08000000",
      "4. close": "3491.13000000",
      "5. volume": "103337.99180753"
    },
    "2024-12-23": {
      "1. open": "3278.69000000",
      "2. high": "3462.14000000",
      "3. low": "3213.85000000",
      "4. close": "3418.12000000",
      "5. volume": "176709.65124672"
    },
    "2024-12-22": {
      "1. open": "3337.05000000",
      "2. high": "3400.23000000",
      "3. low": "3217.84000000",
      "4. close": "3278.60000000",
      "5. volume": "72542.86862482"
    },
    "2024-12-21": {
      "1. open": "3470.47000000",
      "2. high": "3553.49000000",
      "3. low": "3291.31000000",
      "4. close": "3337.09000000",
      "5. volume": "95122.34009357"
    },
    "2024-12-20": {
      "1. open": "3414.35000000",
      "2. high": "3497.29000000",
      "3. low": "3095.65000000",
      "4. close": "3470.47000000",
      "5. volume": "318980.65790952"
    },
    "2024-12-19": {
      "1. open": "3624.92000000",
      "2. high": "3718.30000000",
      "3. low": "3322.19000000",
      "4. close": "3414.35000000",
      "5. volume": "304672.23375305"
    },
    "2024-12-18": {
      "1. open": "3893.44000000",
      "2. high": "3907.71000000",
      "3. low": "3615.79000000",
      "4. close": "3624.84000000",
      "5. volume": "187093.07282410"
    },
    "2024-12-17": {
      "1. open": "3987.59000000",
      "2. high": "4041.76000000",
      "3. low": "3848.76000000",
      "4. close": "3893.54000000",
      "5. volume": "125248.61133174"
    },
    "2024-12-16": {
      "1. open": "3957.70000000",
      "2. high": "4109.00000000",
      "3. low": "3881.93000000",
      "4. close": "3987.60000000",
      "5. volume": "189528.18368088"
    },
    "2024-12-15": {
      "1. open": "3869.50000000",
      "2. high": "3973.71000000",
      "3. low": "3831.09000000",
      "4. close": "3957.70000000",
      "5. volume": "56559.95110714"
    },
    "2024-12-14": {
      "1. open": "3907.70000000",
      "2. high": "3945.29000000",
      "3. low": "3824.44000000",
      "4. close": "3869.25000000",
      "5. volume": "47709.20178216"
    },
    "2024-12-13": {
      "1. open": "3882.62000000",
      "2. high": "3969.32000000",
      "3. low": "3854.00000000",
      "4. close": "3907.87000000",
      "5. volume": "122136.22549054"
    },
    "2024-12-12": {
      "1. open": "3835.08000000",
      "2. high": "3989.22000000",
      "3. low": "3799.19000000",
      "4. close": "3882.68000000",
      "5. volume": "155214.19673209"
    },
    "2024-12-11": {
      "1. open": "3630.37000000",
      "2. high": "3851.87000000",
      "3. low": "3564.36000000",
      "4. close": "3835.08000000",
      "5. volume": "159702.34530659"
    },
    "2024-12-10": {
      "1. open": "3713.56000000",
      "2. high": "3782.00000000",
      "3. low": "3516.00000000",
      "4. close": "3630.34000000",
      "5. volume": "224597.72358534"
    },
    "2024-12-09": {
      "1. open": "4007.38000000",
      "2. high": "4008.80000000",
      "3. low": "3501.00000000",
      "4. close": "3713.57000000",
      "5. volume": "249048.23608556"
    },
    "2024-12-08": {
      "1. open": "4000.02000000",
      "2. high": "4018.50000000",
      "3. low": "3926.45000000",
      "4. close": "4006.75000000",
      "5. volume": "53096.54067022"
    },
    "2024-12-07": {
      "1. open": "4005.37000000",
      "2. high": "4030.27000000",
      "3. low": "3973.19000000",
      "4. close": "4000.01000000",
      "5. volume": "68451.91637822"
    },
    "2024-12-06": {
      "1. open": "3789.07000000",
      "2. high": "4096.00000000",
      "3. low": "3781.20000000",
      "4. close": "4004.83000000",
      "5. volume": "238314.83515241"
    },
    "2024-12-05": {
      "1. open": "3843.84000000",
      "2. high": "3960.00000000",
      "3. low": "3681.00000000",
      "4. close": "3788.93000000",
      "5. volume": "279984.20786923"
    },
    "2024-12-04": {
      "1. open": "3617.82000000",
      "2. high": "3899.21000000",
      "3. low": "3616.92000000",
      "4. close": "3843.33000000",
      "5. volume": "271861.29252455"
    },
    "2024-12-03": {
      "1. open": "3644.51000000",
      "2. high": "3671.71000000",
      "3. low": "3502.29000000",
      "4. close": "3617.59000000",
      "5. volume": "171602.28381250"
    },
    "2024-12-02": {
      "1. open": "3710.08000000",
      "2. high": "3762.72000000",
      "3. low": "3556.03000000",
      "4. close": "3644.52000000",
      "5. volume": "175600.09449684"
    },
    "2024-12-01": {
      "1. open": "3706.35000000",
      "2. high": "3748.29000000",
      "3. low": "3661.12000000",
      "4. close": "3710.24000000",
      "5. volume": "81383.91544408"
    },
    "2024-11-30": {
      "1. open": "3593.38000000",
      "2. high": "3740.63000000",
      "3. low": "3569.63000000",
      "4. close": "3706.35000000",
      "5. volume": "93227.76397971"
    },
    "2024-11-29": {
      "1. open": "3579.48000000",
      "2. high": "3650.00000000",
      "3. low": "3536.44000000",
      "4. close": "3593.67000000",
      "5. volume": "137566.64651708"
    },
    "2024-11-28": {
      "1. open": "3657.20000000",
      "2. high": "3665.28000000",
      "3. low": "3530.02000000",
      "4. close": "3579.11000000",
      "5. volume": "106524.93169029"
    },
    "2024-11-27": {
      "1. open": "3323.67000000",
      "2. high": "3688.54000000",
      "3. low": "3300.76000000",
      "4. close": "3657.63000000",
      "5. volume": "215323.88671149"
    },
    "2024-11-26": {
      "1. open": "3414.64000000",
      "2. high": "3462.89000000",
      "3. low": "3252.60000000",
      "4. close": "3323.67000000",
      "5. volume": "163133.91511773"
    },
    "2024-11-25": {
      "1. open": "3365.17000000",
      "2. high": "3546.99000000",
      "3. low": "3304.11000000",
      "4. close": "3414.72000000",
      "5. volume": "237872.13228768"
    },
    "2024-11-24": {
      "1. open": "3397.51000000",
      "2. high": "3453.90000000",
      "3. low": "3286.25000000",
      "4. close": "3365.16000000",
      "5. volume": "83921.83934738"
    },
    "2024-11-23": {
      "1. open": "3332.16000000",
      "2. high": "3500.00000000",
      "3. low": "3316.55000000",
      "4. close": "3397.51000000",
      "5. volume": "144344.79074360"
    },
    "2024-11-22": {
      "1. open": "3360.11000000",
      "2. high": "3429.69000000",
      "3. low": "3260.78000000",
      "4. close": "3331.77000000",
      "5. volume": "168501.02810417"
    },
    "2024-11-21": {
      "1. open": "3072.33000000",
      "2. high": "3390.35000000",
      "3. low": "3034.15000000",
      "4. close": "3359.90000000",
      "5. volume": "263174.60425898"
    },
    "2024-11-20": {
      "1. open": "3111.63000000",
      "2. high": "3161.97000000",
      "3. low": "3031.38000000",
      "4. close": "3072.24000000",
      "5. volume": "128820.64743852"
    },
    "2024-11-19": {
      "1. open": "3209.42000000",
      "2. high": "3222.83000000",
      "3. low": "3070.00000000",
      "4. close": "3111.70000000",
      "5. volume": "123941.60602607"
    },
    "2024-11-18": {
      "1. open": "3076.79000000",
      "2. high": "3226.80000000",
      "3. low": "3050.83000000",
      "4. close": "3209.21000000",
      "5. volume": "139240.77207001"
    },
    "2024-11-17": {
      "1. open": "3134.48000000",
      "2. high": "3161.96000000",
      "3. low": "3036.64000000",
      "4. close": "3076.79000000",
      "5. volume": "76318.32370264"
    },
    "2024-11-16": {
      "1. open": "3090.76000000",
      "2. high": "3220.00000000",
      "3. low": "3072.90000000",
      "4. close": "3134.25000000",
      "5. volume": "76918.18159684"
    },
    "2024-11-15": {
      "1. open": "3058.89000000",
      "2. high": "3131.68000000",
      "3. low": "3012.94000000",
      "4. close": "3090.76000000",
      "5. volume": "148569.24913860"
    },
    "2024-11-14": {
      "1. open": "3191.34000000",
      "2. high": "3242.75000000",
      "3. low": "3028.32000000",
      "4. close": "3059.04000000",
      "5. volume": "148297.67622951"
    },
    "2024-11-13": {
      "1. open": "3247.54000000",
      "2. high": "3339.00000000",
      "3. low": "3120.80000000",
      "4. close": "3191.45000000",
      "5. volume": "227462.32128441"
    },
    "2024-11-12": {
      "1. open": "3375.79000000",
      "2. high": "3446.98000000",
      "3. low": "3210.57000000",
      "4. close": "3247.21000000",
      "5. volume": "277504.30741055"
    },
    "2024-11-11": {
      "1. open": "3186.03000000",
      "2. high": "3391.61000000",
      "3. low": "3108.10000000",
      "4. close": "3375.78000000",
      "5. volume": "264362.44195086"
    },
    "2024-11-10": {
      "1. open": "3127.96000000",
      "2. high": "3251.25000000",
      "3. low": "3069.19000000",
      "4. close": "3186.07000000",
      "5. volume": "169077.54310611"
    },
    "2024-11-09": {
      "1. open": "2964.09000000",
      "2. high": "3158.83000000",
      "3. low": "2956.80000000",
      "4. close": "3127.97000000",
      "5. volume": "114010.46176319"
    },
    "2024-11-08": {
      "1. open": "2897.65000000",
      "2. high": "2986.13000000",
      "3. low": "2888.99000000",
      "4. close": "2964.09000000",
      "5. volume": "182093.85658108"
    },
    "2024-11-07": {
      "1. open": "2724.27000000",
      "2. high": "2920.62000000",
      "3. low": "2701.52000000",
      "4. close": "2897.65000000",
      "5. volume": "235254.16743290"
    },
    "2024-11-06": {
      "1. open": "2422.24000000",
      "2. high": "2746.83000000",
      "3. low": "2420.14000000",
      "4. close": "2724.27000000",
      "5. volume": "248257.23507707"
    },
    "2024-11-05": {
      "1. open": "2396.62000000",
      "2. high": "2479.58000000",
      "3. low": "2379.30000000",
      "4. close": "2422.24000000",
      "5. volume": "88639.61877167"
    },
    "2024-11-04": {
      "1. open": "2456.15000000",
      "2. high": "2489.44000000",
      "3. low": "2355.43000000",
      "4. close": "2397.00000000",
      "5. volume": "63678.82358185"
    },
    "2024-11-03": {
      "1. open": "2493.50000000",
      "2. high": "2496.01000000",
      "3. low": "2409.53000000",
      "4. close": "2456.57000000",
      "5. volume": "56798.19273460"
    },
    "2024-11-02": {
      "1. open": "2510.27000000",
      "2. high": "2522.48000000",
      "3. low": "2469.70000000",
      "4. close": "2493.44000000",
      "5. volume": "25043.70021838"
    },
    "2024-11-01": {
      "1. open": "2514.74000000",
      "2. high": "2585.26000000",
      "3. low": "2464.83000000",
      "4. close": "2510.27000000",
      "5. volume": "81541.95205262"
    },
    "2024-10-31": {
      "1. open": "2658.15000000",
      "2. high": "2668.12000000",
      "3. low": "2500.00000000",
      "4. close": "2514.84000000",
      "5. volume": "93810.99937796"
    },
    "2024-10-30": {
      "1. open": "2638.11000000",
      "2. high": "2721.09000000",
      "3. low": "2598.87000000",
      "4. close": "2658.16000000",
      "5. volume": "123666.92523955"
    },
    "2024-10-29": {
      "1. open": "2565.66000000",
      "2. high": "2681.78000000",
      "3. low": "2559.30000000",
      "4. close": "2637.85000000",
      "5. volume": "115494.41095118"
    },
    "2024-10-28": {
      "1. open": "2504.72000000",
      "2. high": "2588.00000000",
      "3. low": "2468.81000000",
      "4. close": "2565.66000000",
      "5. volume": "94688.91402615"
    },
    "2024-10-27": {
      "1. open": "2479.49000000",
      "2. high": "2524.39000000",
      "3. low": "2460.47000000",
      "4. close": "2504.69000000",
      "5. volume": "30629.29094610"
    },
    "2024-10-26": {
      "1. open": "2435.81000000",
      "2. high": "2503.73000000",
      "3. low": "2425.54000000",
      "4. close": "2479.49000000",
      "5. volume": "40555.30543830"
    },
    "2024-10-25": {
      "1. open": "2534.00000000",
      "2. high": "2564.84000000",
      "3. low": "2379.35000000",
      "4. close": "2436.01000000",
      "5. volume": "137844.37834249"
    },
    "2024-10-24": {
      "1. open": "2521.91000000",
      "2. high": "2559.24000000",
      "3. low": "2504.70000000",
      "4. close": "2533.99000000",
      "5. volume": "73450.47584406"
    },
    "2024-10-23": {
      "1. open": "2620.84000000",
      "2. high": "2626.29000000",
      "3. low": "2448.36000000",
      "4. close": "2521.94000000",
      "5. volume": "78368.44781749"
    },
    "2024-10-22": {
      "1. open": "2665.25000000",
      "2. high": "2670.37000000",
      "3. low": "2603.37000000",
      "4. close": "2620.84000000",
      "5. volume": "70709.73288592"
    },
    "2024-10-21": {
      "1. open": "2745.91000000",
      "2. high": "2768.22000000",
      "3. low": "2653.94000000",
      "4. close": "2665.35000000",
      "5. volume": "67046.17608835"
    },
    "2024-10-20": {
      "1. open": "2647.97000000",
      "2. high": "2758.08000000",
      "3. low": "2635.16000000",
      "4. close": "2746.22000000",
      "5. volume": "42114.94002100"
    },
    "2024-10-19": {
      "1. open": "2642.00000000",
      "2. high": "2662.99000000",
      "3. low": "2630.82000000",
      "4. close": "2647.97000000",
      "5. volume": "17748.96060487"
    },
    "2024-10-18": {
      "1. open": "2604.90000000",
      "2. high": "2676.07000000",
      "3. low": "2594.79000000",
      "4. close": "2641.98000000",
      "5. volume": "82644.36025500"
    },
    "2024-10-17": {
      "1. open": "2610.56000000",
      "2. high": "2647.43000000",
      "3. low": "2574.29000000",
      "4. close": "2604.91000000",
      "5. volume": "67668.26380459"
    },
    "2024-10-16": {
      "1. open": "2606.73000000",
      "2. high": "2646.91000000",
      "3. low": "2588.05000000",
      "4. close": "2610.54000000",
      "5. volume": "97943.12619857"
    },
    "2024-10-15": {
      "1. open": "2628.75000000",
      "2. high": "2687.63000000",
      "3. low": "2536.47000000",
      "4. close": "2606.63000000",
      "5. volume": "147272.65006204"
    },
    "2024-10-14": {
      "1. open": "2467.95000000",
      "2. high": "2653.03000000",
      "3. low": "2442.42000000",
      "4. close": "2628.74000000",
      "5. volume": "134863.19504511"
    },
    "2024-10-13": {
      "1. open": "2475.79000000",
      "2. high": "2484.44000000",
      "3. low": "2435.88000000",
      "4. close": "2467.67000000",
      "5. volume": "28115.68273490"
    },
    "2024-10-12": {
      "1. open": "2439.15000000",
      "2. high": "2489.67000000",
      "3. low": "2433.43000000",
      "4. close": "2475.79000000",
      "5. volume": "26831.83205704"
    },
    "2024-10-11": {
      "1. open": "2384.42000000",
      "2. high": "2471.10000000",
      "3. low": "2379.84000000",
      "4. close": "2438.77000000",
      "5. volume": "79629.60253014"
    },
    "2024-10-10": {
      "1. open": "2368.35000000",
      "2. high": "2418.41000000",
      "3. low": "2327.83000000",
      "4. close": "2384.32000000",
      "5. volume": "87146.39549393"
    },
    "2024-10-09": {
      "1. open": "2439.47000000",
      "2. high": "2472.09000000",
      "3. low": "2349.63000000",
      "4. close": "2368.66000000",
      "5. volume": "69323.07080214"
    },
    "2024-10-08": {
      "1. open": "2421.68000000",
      "2. high": "2464.51000000",
      "3. low": "2399.24000000",
      "4. close": "2439.48000000",
      "5. volume": "60536.06425091"
    },
    "2024-10-07": {
      "1. open": "2439.36000000",
      "2. high": "2520.39000000",
      "3. low": "2402.32000000",
      "4. close": "2421.68000000",
      "5. volume": "73870.56676745"
    },
    "2024-10-06": {
      "1. open": "2414.89000000",
      "2. high": "2457.57000000",
      "3. low": "2406.00000000",
      "4. close": "2439.84000000",
      "5. volume": "17368.14003888"
    },
    "2024-10-05": {
      "1. open": "2414.43000000",
      "2. high": "2428.22000000",
      "3. low": "2389.68000000",
      "4. close": "2414.51000000",
      "5. volume": "17445.77099774"
    },
    "2024-10-04": {
      "1. open": "2349.73000000",
      "2. high": "2440.96000000",
      "3. low": "2338.96000000",
      "4. close": "2414.43000000",
      "5. volume": "63427.16619712"
    },
    "2024-10-03": {
      "1. open": "2363.51000000",
      "2. high": "2403.08000000",
      "3. low": "2309.17000000",
      "4. close": "2349.97000000",
      "5. volume": "75055.04033974"
    },
    "2024-10-02": {
      "1. open": "2447.54000000",
      "2. high": "2498.47000000",
      "3. low": "2351.92000000",
      "4. close": "2363.76000000",
      "5. volume": "91854.68404245"
    },
    "2024-10-01": {
      "1. open": "2601.33000000",
      "2. high": "2657.98000000",
      "3. low": "2413.11000000",
      "4. close": "2447.55000000",
      "5. volume": "155891.69082296"
    },
    "2024-09-30": {
      "1. open": "2657.90000000",
      "2. high": "2663.97000000",
      "3. low": "2573.89000000",
      "4. close": "2601.27000000",
      "5. volume": "73292.74710664"
    },
    "2024-09-29": {
      "1. open": "2675.88000000",
      "2. high": "2683.77000000",
      "3. low": "2634.38000000",
      "4. close": "2657.89000000",
      "5. volume": "27101.55183847"
    },
    "2024-09-28": {
      "1. open": "2695.37000000",
      "2. high": "2705.26000000",
      "3. low": "2650.16000000",
      "4. close": "2675.79000000",
      "5. volume": "24386.06817246"
    },
    "2024-09-27": {
      "1. open": "2632.63000000",
      "2. high": "2729.39000000",
      "3. low": "2615.45000000",
      "4. close": "2695.37000000",
      "5. volume": "100248.85127199"
    },
    "2024-09-26": {
      "1. open": "2579.84000000",
      "2. high": "2667.81000000",
      "3. low": "2558.84000000",
      "4. close": "2632.53000000",
      "5. volume": "76698.05571684"
    },
    "2024-09-25": {
      "1. open": "2653.53000000",
      "2. high": "2673.77000000",
      "3. low": "2553.93000000",
      "4. close": "2579.25000000",
      "5. volume": "75241.26087497"
    },
    "2024-09-24": {
      "1. open": "2646.93000000",
      "2. high": "2671.85000000",
      "3. low": "2591.67000000",
      "4. close": "2653.31000000",
      "5. volume": "101399.56360844"
    },
    "2024-09-23": {
      "1. open": "2580.93000000",
      "2. high": "2704.62000000",
      "3. low": "2539.64000000",
      "4. close": "2646.72000000",
      "5. volume": "103739.53519625"
    },
    "2024-09-22": {
      "1. open": "2612.77000000",
      "2. high": "2632.92000000",
      "3. low": "2525.00000000",
      "4. close": "2580.92000000",
      "5. volume": "40733.97945098"
    },
    "2024-09-21": {
      "1. open": "2562.10000000",
      "2. high": "2623.26000000",
      "3. low": "2528.75000000",
      "4. close": "2613.16000000",
      "5. volume": "45981.75244353"
    },
    "2024-09-20": {
      "1. open": "2465.79000000",
      "2. high": "2573.26000000",
      "3. low": "2437.49000000",
      "4. close": "2562.02000000",
      "5. volume": "95098.81621245"
    },
    "2024-09-19": {
      "1. open": "2374.78000000",
      "2. high": "2495.27000000",
      "3. low": "2372.73000000",
      "4. close": "2465.84000000",
      "5. volume": "110765.46794849"
    },
    "2024-09-18": {
      "1. open": "2342.09000000",
      "2. high": "2376.26000000",
      "3. low": "2277.05000000",
      "4. close": "2374.59000000",
      "5. volume": "95717.21636064"
    },
    "2024-09-17": {
      "1. open": "2295.35000000",
      "2. high": "2394.00000000",
      "3. low": "2263.05000000",
      "4. close": "2342.10000000",
      "5. volume": "87006.28326236"
    },
    "2024-09-16": {
      "1. open": "2316.01000000",
      "2. high": "2335.18000000",
      "3. low": "2251.99000000",
      "4. close": "2295.21000000",
      "5. volume": "83080.82185300"
    },
    "2024-09-15": {
      "1. open": "2418.30000000",
      "2. high": "2430.91000000",
      "3. low": "2285.00000000",
      "4. close": "2316.37000000",
      "5. volume": "48995.29675810"
    },
    "2024-09-14": {
      "1. open": "2440.99000000",
      "2. high": "2442.56000000",
      "3. low": "2378.80000000",
      "4. close": "2418.19000000",
      "5. volume": "29335.99836370"
    },
    "2024-09-13": {
      "1. open": "2361.75000000",
      "2. high": "2466.49000000",
      "3. low": "2336.57000000",
      "4. close": "2440.96000000",
      "5. volume": "84983.24145206"
    },
    "2024-09-12": {
      "1. open": "2340.24000000",
      "2. high": "2392.13000000",
      "3. low": "2314.76000000",
      "4. close": "2361.63000000",
      "5. volume": "67554.09932317"
    },
    "2024-09-11": {
      "1. open": "2388.71000000",
      "2. high": "2389.58000000",
      "3. low": "2276.66000000",
      "4. close": "2340.54000000",
      "5. volume": "83110.11059986"
    },
    "2024-09-10": {
      "1. open": "2359.71000000",
      "2. high": "2399.99000000",
      "3. low": "2320.91000000",
      "4. close": "2388.26000000",
      "5. volume": "63305.03364559"
    },
    "2024-09-09": {
      "1. open": "2297.35000000",
      "2. high": "2381.46000000",
      "3. low": "2273.00000000",
      "4. close": "2360.10000000",
      "5. volume": "91965.44801791"
    },
    "2024-09-08": {
      "1. open": "2273.03000000",
      "2. high": "2334.03000000",
      "3. low": "2240.82000000",
      "4. close": "2297.47000000",
      "5. volume": "48917.56725194"
    },
    "2024-09-07": {
      "1. open": "2224.55000000",
      "2. high": "2311.27000000",
      "3. low": "2221.01000000",
      "4. close": "2272.88000000",
      "5. volume": "48605.25284293"
    },
    "2024-09-06": {
      "1. open": "2367.50000000",
      "2. high": "2409.19000000",
      "3. low": "2150.00000000",
      "4. close": "2224.46000000",
      "5. volume": "158686.21836600"
    },
    "2024-09-05": {
      "1. open": "2450.26000000",
      "2. high": "2465.98000000",
      "3. low": "2347.19000000",
      "4. close": "2367.80000000",
      "5. volume": "73779.98448771"
    },
    "2024-09-04": {
      "1. open": "2424.16000000",
      "2. high": "2490.21000000",
      "3. low": "2307.12000000",
      "4. close": "2450.46000000",
      "5. volume": "112229.09718802"
    },
    "2024-09-03": {
      "1. open": "2537.99000000",
      "2. high": "2553.75000000",
      "3. low": "2410.52000000",
      "4. close": "2424.18000000",
      "5. volume": "59281.30494802"
    },
    "2024-09-02": {
      "1. open": "2425.78000000",
      "2. high": "2564.02000000",
      "3. low": "2423.56000000",
      "4. close": "2537.81000000",
      "5. volume": "52519.15338901"
    },
    "2024-09-01": {
      "1. open": "2512.49000000",
      "2. high": "2516.27000000",
      "3. low": "2399.20000000",
      "4. close": "2425.90000000",
      "5. volume": "40597.47657667"
    },
    "2024-08-31": {
      "1. open": "2525.70000000",
      "2. high": "2533.92000000",
      "3. low": "2492.03000000",
      "4. close": "2512.62000000",
      "5. volume": "14398.21727088"
    },
    "2024-08-30": {
      "1. open": "2527.76000000",
      "2. high": "2551.26000000",
      "3. low": "2430.25000000",
      "4. close": "2525.74000000",
      "5. volume": "85657.73143674"
    },
    "2024-08-29": {
      "1. open": "2528.76000000",
      "2. high": "2597.00000000",
      "3. low": "2503.09000000",
      "4. close": "2527.71000000",
      "5. volume": "78636.42412331"
    },
    "2024-08-28": {
      "1. open": "2457.84000000",
      "2. high": "2555.23000000",
      "3. low": "2418.63000000",
      "4. close": "2528.51000000",
      "5. volume": "115962.75554378"
    },
    "2024-08-27": {
      "1. open": "2680.75000000",
      "2. high": "2700.29000000",
      "3. low": "2393.38000000",
      "4. close": "2458.22000000",
      "5. volume": "110269.50067621"
    },
    "2024-08-26": {
      "1. open": "2747.06000000",
      "2. high": "2763.51000000",
      "3. low": "2667.25000000",
      "4. close": "2680.77000000",
      "5. volume": "60514.38739416"
    },
    "2024-08-25": {
      "1. open": "2768.95000000",
      "2. high": "2793.09000000",
      "3. low": "2734.52000000",
      "4. close": "2747.57000000",
      "5. volume": "28841.52308192"
    },
    "2024-08-24": {
      "1. open": "2764.89000000",
      "2. high": "2820.86000000",
      "3. low": "2732.75000000",
      "4. close": "2769.00000000",
      "5. volume": "52952.63243867"
    },
    "2024-08-23": {
      "1. open": "2623.26000000",
      "2. high": "2800.89000000",
      "3. low": "2621.38000000",
      "4. close": "2764.73000000",
      "5. volume": "97692.03219144"
    },
    "2024-08-22": {
      "1. open": "2631.18000000",
      "2. high": "2645.42000000",
      "3. low": "2584.59000000",
      "4. close": "2623.30000000",
      "5. volume": "45949.34305893"
    },
    "2024-08-21": {
      "1. open": "2572.69000000",
      "2. high": "2664.70000000",
      "3. low": "2536.49000000",
      "4. close": "2631.14000000",
      "5. volume": "68713.01543658"
    },
    "2024-08-20": {
      "1. open": "2637.63000000",
      "2. high": "2697.11000000",
      "3. low": "2555.26000000",
      "4. close": "2573.04000000",
      "5. volume": "83115.06804761"
    },
    "2024-08-19": {
      "1. open": "2612.33000000",
      "2. high": "2648.71000000",
      "3. low": "2563.98000000",
      "4. close": "2637.15000000",
      "5. volume": "54465.58022979"
    },
    "2024-08-18": {
      "1. open": "2614.64000000",
      "2. high": "2687.92000000",
      "3. low": "2594.34000000",
      "4. close": "2612.68000000",
      "5. volume": "43718.56501864"
    }
  }
}